{
    "rmse": 0.8366600265340756,
    "mae": 0.55625,
    "r2": -0.07114571347449883
}