{
    "rmse": 0.8048902926526639,
    "mae": 0.6603168603423132,
    "r2": 0.008657116209975113
}